lc,method,track_id,time_iso,day_hour,lon,lat,val,area_deg2
lc2,zeta250,0,2000-01-08T00:00:00,168.0,309.3750,42.7233,-9.134989e-06,37.357
lc2,zeta250,0,2000-01-08T01:00:00,169.0,310.7812,42.7233,-9.421729e-06,41.626
lc2,zeta250,0,2000-01-08T02:00:00,170.0,310.7812,42.7233,-9.675252e-06,45.896
lc2,zeta250,0,2000-01-08T03:00:00,171.0,312.1875,42.7233,-9.940285e-06,55.929
lc2,zeta250,0,2000-01-08T04:00:00,172.0,312.1875,42.7233,-1.024513e-05,67.190
lc2,zeta250,0,2000-01-08T05:00:00,173.0,312.1875,42.7233,-1.050840e-05,72.954
lc2,zeta250,0,2000-01-08T06:00:00,174.0,313.5938,42.7233,-1.084960e-05,78.586
lc2,zeta250,0,2000-01-08T07:00:00,175.0,313.5938,42.7233,-1.119284e-05,86.980
lc2,zeta250,0,2000-01-08T08:00:00,176.0,313.5938,42.7233,-1.146084e-05,93.813
lc2,zeta250,0,2000-01-08T09:00:00,177.0,315.0000,42.7233,-1.177499e-05,102.035
lc2,zeta250,0,2000-01-08T10:00:00,178.0,315.0000,42.7233,-1.202396e-05,114.187
lc2,zeta250,0,2000-01-08T11:00:00,179.0,315.0000,42.7233,-1.225146e-05,127.321
lc2,zeta250,0,2000-01-08T12:00:00,180.0,316.4062,42.7233,-1.244094e-05,139.533
lc2,zeta250,0,2000-01-08T13:00:00,181.0,316.4062,42.7233,-1.264744e-05,145.848
lc2,zeta250,0,2000-01-08T14:00:00,182.0,317.8125,42.7233,-1.291291e-05,151.533
lc2,zeta250,0,2000-01-08T15:00:00,183.0,317.8125,42.7233,-1.326649e-05,157.022
lc2,zeta250,0,2000-01-08T16:00:00,184.0,317.8125,42.7233,-1.357787e-05,165.236
lc2,zeta250,0,2000-01-08T17:00:00,185.0,319.2188,42.7233,-1.390071e-05,169.622
lc2,zeta250,0,2000-01-08T18:00:00,186.0,319.2188,42.7233,-1.429717e-05,172.257
lc2,zeta250,0,2000-01-08T19:00:00,187.0,319.2188,42.7233,-1.455178e-05,178.004
lc2,zeta250,0,2000-01-08T20:00:00,188.0,320.6250,44.1241,-1.484273e-05,199.810
lc2,zeta250,0,2000-01-08T21:00:00,189.0,320.6250,44.1241,-1.509184e-05,205.702
lc2,zeta250,0,2000-01-08T22:00:00,190.0,320.6250,44.1241,-1.532933e-05,206.858
lc2,zeta250,0,2000-01-08T23:00:00,191.0,322.0312,42.7233,-1.554984e-05,201.711
lc2,zeta250,0,2000-01-09T00:00:00,192.0,322.0312,42.7233,-1.580983e-05,202.609
lc2,zeta250,0,2000-01-09T01:00:00,193.0,323.4375,44.1241,-1.612070e-05,224.269
lc2,zeta250,0,2000-01-09T02:00:00,194.0,323.4375,44.1241,-1.642014e-05,225.729
lc2,zeta250,0,2000-01-09T03:00:00,195.0,324.8438,44.1241,-1.678583e-05,234.282
lc2,zeta250,0,2000-01-09T04:00:00,196.0,324.8438,44.1241,-1.717286e-05,234.402
lc2,zeta250,0,2000-01-09T05:00:00,197.0,324.8438,44.1241,-1.751977e-05,239.817
lc2,zeta250,0,2000-01-09T06:00:00,198.0,324.8438,44.1241,-1.782450e-05,245.467
lc2,zeta250,0,2000-01-09T07:00:00,199.0,326.2500,44.1241,-1.812647e-05,244.077
lc2,zeta250,0,2000-01-09T08:00:00,200.0,326.2500,44.1241,-1.841022e-05,251.301
lc2,zeta250,0,2000-01-09T09:00:00,201.0,327.6562,44.1241,-1.870647e-05,254.786
lc2,zeta250,0,2000-01-09T10:00:00,202.0,327.6562,44.1241,-1.899558e-05,261.776
lc2,zeta250,0,2000-01-09T11:00:00,203.0,329.0625,44.1241,-1.927748e-05,263.320
lc2,zeta250,0,2000-01-09T12:00:00,204.0,329.0625,44.1241,-1.965217e-05,264.564
lc2,zeta250,0,2000-01-09T13:00:00,205.0,329.0625,44.1241,-1.995477e-05,269.218
lc2,zeta250,0,2000-01-09T14:00:00,206.0,329.0625,44.1241,-2.021640e-05,273.334
lc2,zeta250,0,2000-01-09T15:00:00,207.0,330.4688,44.1241,-2.056978e-05,274.688
lc2,zeta250,0,2000-01-09T16:00:00,208.0,330.4688,44.1241,-2.094218e-05,273.365
lc2,zeta250,0,2000-01-09T17:00:00,209.0,331.8750,44.1241,-2.132142e-05,273.378
lc2,zeta250,0,2000-01-09T18:00:00,210.0,331.8750,44.1241,-2.169955e-05,282.059
lc2,zeta250,0,2000-01-09T19:00:00,211.0,331.8750,44.1241,-2.200252e-05,282.963
lc2,zeta250,0,2000-01-09T20:00:00,212.0,333.2812,44.1241,-2.234120e-05,276.341
lc2,zeta250,0,2000-01-09T21:00:00,213.0,333.2812,44.1241,-2.273805e-05,284.956
lc2,zeta250,0,2000-01-09T22:00:00,214.0,333.2812,45.5249,-2.305130e-05,282.611
lc2,zeta250,0,2000-01-09T23:00:00,215.0,334.6875,45.5249,-2.339042e-05,282.417
lc2,zeta250,0,2000-01-10T00:00:00,216.0,334.6875,45.5249,-2.379546e-05,283.674
lc2,zeta250,0,2000-01-10T01:00:00,217.0,334.6875,45.5249,-2.414386e-05,285.172
lc2,zeta250,0,2000-01-10T02:00:00,218.0,336.0938,45.5249,-2.447377e-05,286.753
lc2,zeta250,0,2000-01-10T03:00:00,219.0,336.0938,45.5249,-2.489323e-05,290.712
lc2,zeta250,0,2000-01-10T04:00:00,220.0,337.5000,45.5249,-2.535366e-05,279.658
lc2,zeta250,0,2000-01-10T05:00:00,221.0,337.5000,45.5249,-2.584110e-05,288.121
lc2,zeta250,0,2000-01-10T06:00:00,222.0,337.5000,45.5249,-2.629398e-05,292.179
lc2,zeta250,0,2000-01-10T07:00:00,223.0,337.5000,45.5249,-2.669943e-05,294.666
lc2,zeta250,0,2000-01-10T08:00:00,224.0,337.5000,45.5249,-2.701370e-05,293.296
lc2,zeta250,0,2000-01-10T09:00:00,225.0,338.9062,46.9256,-2.739194e-05,287.612
lc2,zeta250,0,2000-01-10T10:00:00,226.0,338.9062,46.9256,-2.778046e-05,292.796
lc2,zeta250,0,2000-01-10T11:00:00,227.0,338.9062,46.9256,-2.812516e-05,295.567
lc2,zeta250,0,2000-01-10T12:00:00,228.0,340.3125,45.5249,-2.846322e-05,292.179
lc2,zeta250,0,2000-01-10T13:00:00,229.0,340.3125,46.9256,-2.885216e-05,291.361
lc2,zeta250,0,2000-01-10T14:00:00,230.0,340.3125,45.5249,-2.924781e-05,302.827
lc2,zeta250,0,2000-01-10T15:00:00,231.0,341.7188,46.9256,-2.977196e-05,290.209
lc2,zeta250,0,2000-01-10T16:00:00,232.0,341.7188,46.9256,-3.026501e-05,292.796
lc2,zeta250,0,2000-01-10T17:00:00,233.0,341.7188,46.9256,-3.063824e-05,299.277
lc2,zeta250,0,2000-01-10T18:00:00,234.0,341.7188,46.9256,-3.107031e-05,300.256
lc2,zeta250,0,2000-01-10T19:00:00,235.0,343.1250,46.9256,-3.145790e-05,294.198
lc2,zeta250,0,2000-01-10T20:00:00,236.0,343.1250,46.9256,-3.193155e-05,300.576
lc2,zeta250,0,2000-01-10T21:00:00,237.0,344.5312,45.5249,-3.231340e-05,300.033
lc2,zeta250,0,2000-01-10T22:00:00,238.0,344.5312,45.5249,-3.269719e-05,304.161
lc2,zeta250,0,2000-01-10T23:00:00,239.0,344.5312,45.5249,-3.311898e-05,305.460
lc2,zeta250,0,2000-01-11T00:00:00,240.0,344.5312,45.5249,-3.343896e-05,306.723
lc2,zeta250,0,2000-01-11T01:00:00,241.0,344.5312,45.5249,-3.378909e-05,302.522
lc2,zeta250,0,2000-01-11T02:00:00,242.0,345.9375,45.5249,-3.418263e-05,305.460
lc2,zeta250,0,2000-01-11T03:00:00,243.0,345.9375,45.5249,-3.452987e-05,310.827
lc2,zeta250,0,2000-01-11T04:00:00,244.0,345.9375,45.5249,-3.493464e-05,302.522
lc2,zeta250,0,2000-01-11T05:00:00,245.0,345.9375,45.5249,-3.515666e-05,301.259
lc2,zeta250,0,2000-01-11T06:00:00,246.0,345.9375,45.5249,-3.548841e-05,301.259
lc2,zeta250,0,2000-01-11T07:00:00,247.0,347.3438,45.5249,-3.588661e-05,302.522
lc2,zeta250,0,2000-01-11T08:00:00,248.0,347.3438,45.5249,-3.625570e-05,301.259
lc2,zeta250,0,2000-01-11T09:00:00,249.0,347.3438,45.5249,-3.654479e-05,298.557
lc2,zeta250,0,2000-01-11T10:00:00,250.0,347.3438,45.5249,-3.690519e-05,290.193
lc2,zeta250,0,2000-01-11T11:00:00,251.0,348.7500,45.5249,-3.720889e-05,301.259
lc2,zeta250,0,2000-01-11T12:00:00,252.0,348.7500,45.5249,-3.766930e-05,294.421
lc2,zeta250,0,2000-01-11T13:00:00,253.0,348.7500,45.5249,-3.811796e-05,290.193
lc2,zeta250,0,2000-01-11T14:00:00,254.0,350.1562,45.5249,-3.829864e-05,301.259
lc2,zeta250,0,2000-01-11T15:00:00,255.0,348.7500,45.5249,-3.851636e-05,277.636
lc2,zeta250,0,2000-01-11T16:00:00,256.0,351.5625,45.5249,-3.907986e-05,301.259
lc2,zeta250,0,2000-01-11T17:00:00,257.0,351.5625,45.5249,-3.958001e-05,291.456
lc2,zeta250,0,2000-01-11T18:00:00,258.0,352.9688,45.5249,-3.983823e-05,301.259
lc2,zeta250,0,2000-01-11T19:00:00,259.0,352.9688,45.5249,-4.034584e-05,294.253
lc2,zeta250,0,2000-01-11T20:00:00,260.0,354.3750,45.5249,-4.082611e-05,301.259
lc2,zeta250,0,2000-01-11T21:00:00,261.0,354.3750,45.5249,-4.122268e-05,295.720
lc2,zeta250,0,2000-01-11T22:00:00,262.0,355.7812,45.5249,-4.156292e-05,301.259
lc2,zeta250,0,2000-01-11T23:00:00,263.0,355.7812,45.5249,-4.192767e-05,298.489
lc2,zeta250,0,2000-01-12T00:00:00,264.0,355.7812,45.5249,-4.244447e-05,291.456
lc2,zeta250,1,2000-01-08T00:00:00,168.0,129.3750,42.7233,-9.134989e-06,37.357
lc2,zeta250,1,2000-01-08T01:00:00,169.0,130.7812,42.7233,-9.421729e-06,41.626
lc2,zeta250,1,2000-01-08T02:00:00,170.0,130.7812,42.7233,-9.655801e-06,45.896
lc2,zeta250,1,2000-01-08T03:00:00,171.0,132.1875,42.7233,-9.920335e-06,55.929
lc2,zeta250,1,2000-01-08T04:00:00,172.0,132.1875,42.7233,-1.024009e-05,67.190
lc2,zeta250,1,2000-01-08T05:00:00,173.0,132.1875,42.7233,-1.050840e-05,72.954
lc2,zeta250,1,2000-01-08T06:00:00,174.0,133.5938,42.7233,-1.084960e-05,78.586
lc2,zeta250,1,2000-01-08T07:00:00,175.0,133.5938,42.7233,-1.119284e-05,86.980
lc2,zeta250,1,2000-01-08T08:00:00,176.0,133.5938,42.7233,-1.146084e-05,93.813
lc2,zeta250,1,2000-01-08T09:00:00,177.0,135.0000,42.7233,-1.177499e-05,102.035
lc2,zeta250,1,2000-01-08T10:00:00,178.0,135.0000,42.7233,-1.202396e-05,114.187
lc2,zeta250,1,2000-01-08T11:00:00,179.0,135.0000,42.7233,-1.225146e-05,127.321
lc2,zeta250,1,2000-01-08T12:00:00,180.0,136.4062,42.7233,-1.244181e-05,139.533
lc2,zeta250,1,2000-01-08T13:00:00,181.0,136.4062,42.7233,-1.264744e-05,145.848
lc2,zeta250,1,2000-01-08T14:00:00,182.0,137.8125,42.7233,-1.291291e-05,151.533
lc2,zeta250,1,2000-01-08T15:00:00,183.0,137.8125,42.7233,-1.326649e-05,157.022
lc2,zeta250,1,2000-01-08T16:00:00,184.0,137.8125,42.7233,-1.357787e-05,165.236
lc2,zeta250,1,2000-01-08T17:00:00,185.0,139.2188,42.7233,-1.390071e-05,169.622
lc2,zeta250,1,2000-01-08T18:00:00,186.0,139.2188,42.7233,-1.429717e-05,172.257
lc2,zeta250,1,2000-01-08T19:00:00,187.0,139.2188,42.7233,-1.455178e-05,178.004
lc2,zeta250,1,2000-01-08T20:00:00,188.0,140.6250,44.1241,-1.484273e-05,199.810
lc2,zeta250,1,2000-01-08T21:00:00,189.0,140.6250,44.1241,-1.509184e-05,205.702
lc2,zeta250,1,2000-01-08T22:00:00,190.0,140.6250,44.1241,-1.532933e-05,206.858
lc2,zeta250,1,2000-01-08T23:00:00,191.0,142.0312,42.7233,-1.554984e-05,201.711
lc2,zeta250,1,2000-01-09T00:00:00,192.0,142.0312,42.7233,-1.580983e-05,202.609
lc2,zeta250,1,2000-01-09T01:00:00,193.0,143.4375,44.1241,-1.611271e-05,224.269
lc2,zeta250,1,2000-01-09T02:00:00,194.0,143.4375,44.1241,-1.642014e-05,225.729
lc2,zeta250,1,2000-01-09T03:00:00,195.0,144.8438,44.1241,-1.678583e-05,234.282
lc2,zeta250,1,2000-01-09T04:00:00,196.0,144.8438,44.1241,-1.717286e-05,234.402
lc2,zeta250,1,2000-01-09T05:00:00,197.0,144.8438,44.1241,-1.751977e-05,239.817
lc2,zeta250,1,2000-01-09T06:00:00,198.0,144.8438,44.1241,-1.782450e-05,245.467
lc2,zeta250,1,2000-01-09T07:00:00,199.0,146.2500,44.1241,-1.812647e-05,244.077
lc2,zeta250,1,2000-01-09T08:00:00,200.0,146.2500,44.1241,-1.841022e-05,251.301
lc2,zeta250,1,2000-01-09T09:00:00,201.0,147.6562,44.1241,-1.870647e-05,254.786
lc2,zeta250,1,2000-01-09T10:00:00,202.0,147.6562,44.1241,-1.899554e-05,261.776
lc2,zeta250,1,2000-01-09T11:00:00,203.0,149.0625,44.1241,-1.926346e-05,263.320
lc2,zeta250,1,2000-01-09T12:00:00,204.0,149.0625,44.1241,-1.965217e-05,264.564
lc2,zeta250,1,2000-01-09T13:00:00,205.0,149.0625,44.1241,-1.995477e-05,269.218
lc2,zeta250,1,2000-01-09T14:00:00,206.0,149.0625,44.1241,-2.021640e-05,273.334
lc2,zeta250,1,2000-01-09T15:00:00,207.0,150.4688,44.1241,-2.056898e-05,274.688
lc2,zeta250,1,2000-01-09T16:00:00,208.0,150.4688,45.5249,-2.093114e-05,270.048
lc2,zeta250,1,2000-01-09T17:00:00,209.0,151.8750,44.1241,-2.132142e-05,273.378
lc2,zeta250,1,2000-01-09T18:00:00,210.0,151.8750,44.1241,-2.169599e-05,282.059
lc2,zeta250,1,2000-01-09T19:00:00,211.0,151.8750,44.1241,-2.200252e-05,282.963
lc2,zeta250,1,2000-01-09T20:00:00,212.0,153.2812,44.1241,-2.234030e-05,276.341
lc2,zeta250,1,2000-01-09T21:00:00,213.0,153.2812,44.1241,-2.273715e-05,284.956
lc2,zeta250,1,2000-01-09T22:00:00,214.0,153.2812,45.5249,-2.304950e-05,282.611
lc2,zeta250,1,2000-01-09T23:00:00,215.0,154.6875,45.5249,-2.339042e-05,282.417
lc2,zeta250,1,2000-01-10T00:00:00,216.0,154.6875,45.5249,-2.379546e-05,283.674
lc2,zeta250,1,2000-01-10T01:00:00,217.0,154.6875,45.5249,-2.414386e-05,285.172
lc2,zeta250,1,2000-01-10T02:00:00,218.0,156.0938,45.5249,-2.447377e-05,286.753
lc2,zeta250,1,2000-01-10T03:00:00,219.0,156.0938,45.5249,-2.489323e-05,290.712
lc2,zeta250,1,2000-01-10T04:00:00,220.0,157.5000,45.5249,-2.530251e-05,279.658
lc2,zeta250,1,2000-01-10T05:00:00,221.0,157.5000,45.5249,-2.584110e-05,288.121
lc2,zeta250,1,2000-01-10T06:00:00,222.0,157.5000,45.5249,-2.629398e-05,292.179
lc2,zeta250,1,2000-01-10T07:00:00,223.0,157.5000,45.5249,-2.669943e-05,294.666
lc2,zeta250,1,2000-01-10T08:00:00,224.0,157.5000,45.5249,-2.701370e-05,293.296
lc2,zeta250,1,2000-01-10T09:00:00,225.0,158.9062,46.9256,-2.739194e-05,287.612
lc2,zeta250,1,2000-01-10T10:00:00,226.0,158.9062,46.9256,-2.778046e-05,292.796
lc2,zeta250,1,2000-01-10T11:00:00,227.0,158.9062,46.9256,-2.812516e-05,295.567
lc2,zeta250,1,2000-01-10T12:00:00,228.0,160.3125,45.5249,-2.846322e-05,292.179
lc2,zeta250,1,2000-01-10T13:00:00,229.0,160.3125,46.9256,-2.885216e-05,291.361
lc2,zeta250,1,2000-01-10T14:00:00,230.0,160.3125,45.5249,-2.924781e-05,302.827
lc2,zeta250,1,2000-01-10T15:00:00,231.0,161.7188,46.9256,-2.977196e-05,290.209
lc2,zeta250,1,2000-01-10T16:00:00,232.0,161.7188,46.9256,-3.026501e-05,292.796
lc2,zeta250,1,2000-01-10T17:00:00,233.0,161.7188,46.9256,-3.063824e-05,299.277
lc2,zeta250,1,2000-01-10T18:00:00,234.0,161.7188,46.9256,-3.107031e-05,300.256
lc2,zeta250,1,2000-01-10T19:00:00,235.0,163.1250,46.9256,-3.145790e-05,294.198
lc2,zeta250,1,2000-01-10T20:00:00,236.0,163.1250,46.9256,-3.193155e-05,300.576
lc2,zeta250,1,2000-01-10T21:00:00,237.0,164.5312,45.5249,-3.231340e-05,300.033
lc2,zeta250,1,2000-01-10T22:00:00,238.0,164.5312,45.5249,-3.269719e-05,304.161
lc2,zeta250,1,2000-01-10T23:00:00,239.0,164.5312,45.5249,-3.311898e-05,305.460
lc2,zeta250,1,2000-01-11T00:00:00,240.0,164.5312,45.5249,-3.343896e-05,306.723
lc2,zeta250,1,2000-01-11T01:00:00,241.0,164.5312,45.5249,-3.378909e-05,302.522
lc2,zeta250,1,2000-01-11T02:00:00,242.0,165.9375,45.5249,-3.418263e-05,305.460
lc2,zeta250,1,2000-01-11T03:00:00,243.0,165.9375,45.5249,-3.452987e-05,310.827
lc2,zeta250,1,2000-01-11T04:00:00,244.0,165.9375,45.5249,-3.493464e-05,302.522
lc2,zeta250,1,2000-01-11T05:00:00,245.0,165.9375,45.5249,-3.515666e-05,301.259
lc2,zeta250,1,2000-01-11T06:00:00,246.0,165.9375,45.5249,-3.548841e-05,301.259
lc2,zeta250,1,2000-01-11T07:00:00,247.0,167.3438,45.5249,-3.588661e-05,302.522
lc2,zeta250,1,2000-01-11T08:00:00,248.0,167.3438,45.5249,-3.625570e-05,301.259
lc2,zeta250,1,2000-01-11T09:00:00,249.0,167.3438,45.5249,-3.654479e-05,298.557
lc2,zeta250,1,2000-01-11T10:00:00,250.0,167.3438,45.5249,-3.690519e-05,290.193
lc2,zeta250,1,2000-01-11T11:00:00,251.0,168.7500,45.5249,-3.720889e-05,301.259
lc2,zeta250,1,2000-01-11T12:00:00,252.0,168.7500,45.5249,-3.766930e-05,294.421
lc2,zeta250,1,2000-01-11T13:00:00,253.0,168.7500,45.5249,-3.811796e-05,290.193
lc2,zeta250,1,2000-01-11T14:00:00,254.0,170.1562,45.5249,-3.830036e-05,301.259
lc2,zeta250,1,2000-01-11T15:00:00,255.0,168.7500,45.5249,-3.851636e-05,277.636
lc2,zeta250,1,2000-01-11T16:00:00,256.0,171.5625,45.5249,-3.907986e-05,301.259
lc2,zeta250,1,2000-01-11T17:00:00,257.0,171.5625,45.5249,-3.958001e-05,291.456
lc2,zeta250,1,2000-01-11T18:00:00,258.0,172.9688,45.5249,-3.983823e-05,301.259
lc2,zeta250,1,2000-01-11T19:00:00,259.0,172.9688,45.5249,-4.034584e-05,294.253
lc2,zeta250,1,2000-01-11T20:00:00,260.0,174.3750,45.5249,-4.082611e-05,301.259
lc2,zeta250,1,2000-01-11T21:00:00,261.0,174.3750,45.5249,-4.122268e-05,295.720
lc2,zeta250,1,2000-01-11T22:00:00,262.0,175.7812,45.5249,-4.156292e-05,301.259
lc2,zeta250,1,2000-01-11T23:00:00,263.0,175.7812,45.5249,-4.192902e-05,298.489
lc2,zeta250,1,2000-01-12T00:00:00,264.0,175.7812,45.5249,-4.244447e-05,291.456
lc2,zeta250,2,2000-01-08T00:00:00,168.0,189.8438,42.7233,-9.120040e-06,34.650
lc2,zeta250,2,2000-01-08T01:00:00,169.0,191.2500,42.7233,-9.366218e-06,40.193
lc2,zeta250,2,2000-01-08T02:00:00,170.0,191.2500,42.7233,-9.641003e-06,47.265
lc2,zeta250,2,2000-01-08T03:00:00,171.0,192.6562,42.7233,-9.912176e-06,55.924
lc2,zeta250,2,2000-01-08T04:00:00,172.0,192.6562,42.7233,-1.024327e-05,68.625
lc2,zeta250,2,2000-01-08T05:00:00,173.0,192.6562,42.7233,-1.055182e-05,75.723
lc2,zeta250,2,2000-01-08T06:00:00,174.0,192.6562,42.7233,-1.087922e-05,81.419
lc2,zeta250,2,2000-01-08T07:00:00,175.0,194.0625,42.7233,-1.117231e-05,86.885
lc2,zeta250,2,2000-01-08T08:00:00,176.0,194.0625,42.7233,-1.146531e-05,92.409
lc2,zeta250,2,2000-01-08T09:00:00,177.0,194.0625,42.7233,-1.172891e-05,103.542
lc2,zeta250,2,2000-01-08T10:00:00,178.0,195.4688,42.7233,-1.197090e-05,114.195
lc2,zeta250,2,2000-01-08T11:00:00,179.0,195.4688,42.7233,-1.222220e-05,130.187
lc2,zeta250,2,2000-01-08T12:00:00,180.0,196.8750,42.7233,-1.242649e-05,138.066
lc2,zeta250,2,2000-01-08T13:00:00,181.0,196.8750,42.7233,-1.272186e-05,147.772
lc2,zeta250,2,2000-01-08T14:00:00,182.0,196.8750,42.7233,-1.299159e-05,151.601
lc2,zeta250,2,2000-01-08T15:00:00,183.0,196.8750,42.7233,-1.322527e-05,159.813
lc2,zeta250,2,2000-01-08T16:00:00,184.0,198.2812,42.7233,-1.355235e-05,161.241
lc2,zeta250,2,2000-01-08T17:00:00,185.0,198.2812,42.7233,-1.387704e-05,169.533
lc2,zeta250,2,2000-01-08T18:00:00,186.0,199.6875,42.7233,-1.424298e-05,175.220
lc2,zeta250,2,2000-01-08T19:00:00,187.0,199.6875,42.7233,-1.459357e-05,179.207
lc2,zeta250,2,2000-01-08T20:00:00,188.0,199.6875,42.7233,-1.482173e-05,183.905
lc2,zeta250,2,2000-01-08T21:00:00,189.0,201.0938,42.7233,-1.514830e-05,191.226
lc2,zeta250,2,2000-01-08T22:00:00,190.0,201.0938,42.7233,-1.536666e-05,195.662
lc2,zeta250,2,2000-01-08T23:00:00,191.0,201.0938,42.7233,-1.557829e-05,202.511
lc2,zeta250,2,2000-01-09T00:00:00,192.0,202.5000,44.1241,-1.581721e-05,222.645
lc2,zeta250,2,2000-01-09T01:00:00,193.0,202.5000,44.1241,-1.611000e-05,222.143
lc2,zeta250,2,2000-01-09T02:00:00,194.0,203.9062,44.1241,-1.645325e-05,226.864
lc2,zeta250,2,2000-01-09T03:00:00,195.0,203.9062,44.1241,-1.679715e-05,229.514
lc2,zeta250,2,2000-01-09T04:00:00,196.0,203.9062,44.1241,-1.711236e-05,239.622
lc2,zeta250,2,2000-01-09T05:00:00,197.0,205.3125,44.1241,-1.745720e-05,241.024
lc2,zeta250,2,2000-01-09T06:00:00,198.0,205.3125,44.1241,-1.777805e-05,244.158
lc2,zeta250,2,2000-01-09T07:00:00,199.0,206.7188,44.1241,-1.813864e-05,244.241
lc2,zeta250,2,2000-01-09T08:00:00,200.0,206.7188,44.1241,-1.845397e-05,251.550
lc2,zeta250,2,2000-01-09T09:00:00,201.0,206.7188,44.1241,-1.872832e-05,258.618
lc2,zeta250,2,2000-01-09T10:00:00,202.0,208.1250,44.1241,-1.902202e-05,257.648
lc2,zeta250,2,2000-01-09T11:00:00,203.0,208.1250,44.1241,-1.927966e-05,264.735
lc2,zeta250,2,2000-01-09T12:00:00,204.0,208.1250,44.1241,-1.960092e-05,264.546
lc2,zeta250,2,2000-01-09T13:00:00,205.0,209.5312,44.1241,-1.987956e-05,268.856
lc2,zeta250,2,2000-01-09T14:00:00,206.0,209.5312,44.1241,-2.021594e-05,271.779
lc2,zeta250,2,2000-01-09T15:00:00,207.0,210.9375,44.1241,-2.060046e-05,270.522
lc2,zeta250,2,2000-01-09T16:00:00,208.0,210.9375,44.1241,-2.096751e-05,276.245
lc2,zeta250,2,2000-01-09T17:00:00,209.0,210.9375,44.1241,-2.131957e-05,276.197
lc2,zeta250,2,2000-01-09T18:00:00,210.0,212.3438,44.1241,-2.165044e-05,274.906
lc2,zeta250,2,2000-01-09T19:00:00,211.0,212.3438,44.1241,-2.203156e-05,283.427
lc2,zeta250,2,2000-01-09T20:00:00,212.0,213.7500,45.5249,-2.234552e-05,277.171
lc2,zeta250,2,2000-01-09T21:00:00,213.0,213.7500,45.5249,-2.277147e-05,276.948
lc2,zeta250,2,2000-01-09T22:00:00,214.0,213.7500,45.5249,-2.315734e-05,279.816
lc2,zeta250,2,2000-01-09T23:00:00,215.0,213.7500,45.5249,-2.349573e-05,283.910
lc2,zeta250,2,2000-01-10T00:00:00,216.0,213.7500,45.5249,-2.374716e-05,287.700
lc2,zeta250,2,2000-01-10T01:00:00,217.0,215.1562,45.5249,-2.414523e-05,285.172
lc2,zeta250,2,2000-01-10T02:00:00,218.0,215.1562,45.5249,-2.449610e-05,286.361
lc2,zeta250,2,2000-01-10T03:00:00,219.0,216.5625,45.5249,-2.488125e-05,286.753
lc2,zeta250,2,2000-01-10T04:00:00,220.0,216.5625,45.5249,-2.531822e-05,292.179
lc2,zeta250,2,2000-01-10T05:00:00,221.0,216.5625,45.5249,-2.573859e-05,287.660
lc2,zeta250,2,2000-01-10T06:00:00,222.0,217.9688,45.5249,-2.617447e-05,288.121
lc2,zeta250,2,2000-01-10T07:00:00,223.0,217.9688,45.5249,-2.663354e-05,292.179
lc2,zeta250,2,2000-01-10T08:00:00,224.0,217.9688,45.5249,-2.702396e-05,294.666
lc2,zeta250,2,2000-01-10T09:00:00,225.0,219.3750,46.9256,-2.734206e-05,285.200
lc2,zeta250,2,2000-01-10T10:00:00,226.0,219.3750,46.9256,-2.784071e-05,287.612
lc2,zeta250,2,2000-01-10T11:00:00,227.0,219.3750,46.9256,-2.818379e-05,292.796
lc2,zeta250,2,2000-01-10T12:00:00,228.0,220.7812,45.5249,-2.848151e-05,293.724
lc2,zeta250,2,2000-01-10T13:00:00,229.0,220.7812,45.5249,-2.888278e-05,293.478
lc2,zeta250,2,2000-01-10T14:00:00,230.0,220.7812,45.5249,-2.933034e-05,298.831
lc2,zeta250,2,2000-01-10T15:00:00,231.0,220.7812,45.5249,-2.963799e-05,304.161
lc2,zeta250,2,2000-01-10T16:00:00,232.0,222.1875,46.9256,-3.010454e-05,291.397
lc2,zeta250,2,2000-01-10T17:00:00,233.0,222.1875,46.9256,-3.060079e-05,292.796
lc2,zeta250,2,2000-01-10T18:00:00,234.0,222.1875,46.9256,-3.099567e-05,299.277
lc2,zeta250,2,2000-01-10T19:00:00,235.0,223.5938,46.9256,-3.147245e-05,295.363
lc2,zeta250,2,2000-01-10T20:00:00,236.0,223.5938,46.9256,-3.194663e-05,296.793
lc2,zeta250,2,2000-01-10T21:00:00,237.0,223.5938,46.9256,-3.235407e-05,300.576
lc2,zeta250,2,2000-01-10T22:00:00,238.0,225.0000,45.5249,-3.271525e-05,300.033
lc2,zeta250,2,2000-01-10T23:00:00,239.0,225.0000,45.5249,-3.319623e-05,304.161
lc2,zeta250,2,2000-01-11T00:00:00,240.0,225.0000,45.5249,-3.353826e-05,305.460
lc2,zeta250,2,2000-01-11T01:00:00,241.0,225.0000,45.5249,-3.384791e-05,306.723
lc2,zeta250,2,2000-01-11T02:00:00,242.0,225.0000,45.5249,-3.420354e-05,302.522
lc2,zeta250,2,2000-01-11T03:00:00,243.0,225.0000,45.5249,-3.452611e-05,301.259
lc2,zeta250,2,2000-01-11T04:00:00,244.0,226.4062,45.5249,-3.488257e-05,310.827
lc2,zeta250,2,2000-01-11T05:00:00,245.0,226.4062,45.5249,-3.516060e-05,302.522
lc2,zeta250,2,2000-01-11T06:00:00,246.0,226.4062,45.5249,-3.559927e-05,301.259
lc2,zeta250,2,2000-01-11T07:00:00,247.0,226.4062,45.5249,-3.584065e-05,299.925
lc2,zeta250,2,2000-01-11T08:00:00,248.0,227.8125,45.5249,-3.621164e-05,301.259
lc2,zeta250,2,2000-01-11T09:00:00,249.0,227.8125,45.5249,-3.664358e-05,301.259
lc2,zeta250,2,2000-01-11T10:00:00,250.0,227.8125,45.5249,-3.695616e-05,298.557
lc2,zeta250,2,2000-01-11T11:00:00,251.0,227.8125,45.5249,-3.721465e-05,290.193
lc2,zeta250,2,2000-01-11T12:00:00,252.0,229.2188,45.5249,-3.760241e-05,301.259
lc2,zeta250,2,2000-01-11T13:00:00,253.0,229.2188,45.5249,-3.791023e-05,291.456
lc2,zeta250,2,2000-01-11T14:00:00,254.0,229.2188,45.5249,-3.833659e-05,290.193
lc2,zeta250,2,2000-01-11T15:00:00,255.0,230.6250,45.5249,-3.861787e-05,298.557
lc2,zeta250,2,2000-01-11T16:00:00,256.0,230.6250,45.5249,-3.898753e-05,291.456
lc2,zeta250,2,2000-01-11T17:00:00,257.0,232.0312,45.5249,-3.949296e-05,301.259
lc2,zeta250,2,2000-01-11T18:00:00,258.0,232.0312,45.5249,-3.989776e-05,291.456
lc2,zeta250,2,2000-01-11T19:00:00,259.0,233.4375,45.5249,-4.039181e-05,301.259
lc2,zeta250,2,2000-01-11T20:00:00,260.0,234.8438,45.5249,-4.075911e-05,301.259
lc2,zeta250,2,2000-01-11T21:00:00,261.0,233.4375,45.5249,-4.114361e-05,290.193
lc2,zeta250,2,2000-01-11T22:00:00,262.0,234.8438,45.5249,-4.160832e-05,292.755
lc2,zeta250,2,2000-01-11T23:00:00,263.0,234.8438,45.5249,-4.199041e-05,290.193
lc2,zeta250,2,2000-01-12T00:00:00,264.0,236.2500,45.5249,-4.255960e-05,292.755
lc2,zeta250,3,2000-01-08T00:00:00,168.0,9.8438,42.7233,-9.120040e-06,34.650
lc2,zeta250,3,2000-01-08T01:00:00,169.0,11.2500,42.7233,-9.366218e-06,40.193
lc2,zeta250,3,2000-01-08T02:00:00,170.0,11.2500,42.7233,-9.641003e-06,47.265
lc2,zeta250,3,2000-01-08T03:00:00,171.0,12.6562,42.7233,-9.912176e-06,55.924
lc2,zeta250,3,2000-01-08T04:00:00,172.0,12.6562,42.7233,-1.024327e-05,68.625
lc2,zeta250,3,2000-01-08T05:00:00,173.0,12.6562,42.7233,-1.055182e-05,75.723
lc2,zeta250,3,2000-01-08T06:00:00,174.0,12.6562,42.7233,-1.087922e-05,81.419
lc2,zeta250,3,2000-01-08T07:00:00,175.0,14.0625,42.7233,-1.117231e-05,86.885
lc2,zeta250,3,2000-01-08T08:00:00,176.0,14.0625,42.7233,-1.146531e-05,92.409
lc2,zeta250,3,2000-01-08T09:00:00,177.0,14.0625,42.7233,-1.172891e-05,103.542
lc2,zeta250,3,2000-01-08T10:00:00,178.0,15.4688,42.7233,-1.196966e-05,114.195
lc2,zeta250,3,2000-01-08T11:00:00,179.0,15.4688,42.7233,-1.222212e-05,130.187
lc2,zeta250,3,2000-01-08T12:00:00,180.0,16.8750,42.7233,-1.242649e-05,138.066
lc2,zeta250,3,2000-01-08T13:00:00,181.0,16.8750,42.7233,-1.272186e-05,147.772
lc2,zeta250,3,2000-01-08T14:00:00,182.0,16.8750,42.7233,-1.299159e-05,151.601
lc2,zeta250,3,2000-01-08T15:00:00,183.0,16.8750,42.7233,-1.322527e-05,159.813
lc2,zeta250,3,2000-01-08T16:00:00,184.0,18.2812,42.7233,-1.355235e-05,161.241
lc2,zeta250,3,2000-01-08T17:00:00,185.0,18.2812,42.7233,-1.387704e-05,169.533
lc2,zeta250,3,2000-01-08T18:00:00,186.0,19.6875,42.7233,-1.424298e-05,175.220
lc2,zeta250,3,2000-01-08T19:00:00,187.0,19.6875,42.7233,-1.459140e-05,179.207
lc2,zeta250,3,2000-01-08T20:00:00,188.0,19.6875,42.7233,-1.482173e-05,183.905
lc2,zeta250,3,2000-01-08T21:00:00,189.0,21.0938,42.7233,-1.514830e-05,191.226
lc2,zeta250,3,2000-01-08T22:00:00,190.0,21.0938,42.7233,-1.536666e-05,195.662
lc2,zeta250,3,2000-01-08T23:00:00,191.0,21.0938,42.7233,-1.557829e-05,202.511
lc2,zeta250,3,2000-01-09T00:00:00,192.0,22.5000,44.1241,-1.581721e-05,222.645
lc2,zeta250,3,2000-01-09T01:00:00,193.0,22.5000,44.1241,-1.611000e-05,222.143
lc2,zeta250,3,2000-01-09T02:00:00,194.0,23.9062,44.1241,-1.645325e-05,226.864
lc2,zeta250,3,2000-01-09T03:00:00,195.0,23.9062,44.1241,-1.679715e-05,229.514
lc2,zeta250,3,2000-01-09T04:00:00,196.0,23.9062,44.1241,-1.711152e-05,239.622
lc2,zeta250,3,2000-01-09T05:00:00,197.0,25.3125,44.1241,-1.745720e-05,241.024
lc2,zeta250,3,2000-01-09T06:00:00,198.0,25.3125,44.1241,-1.777805e-05,244.158
lc2,zeta250,3,2000-01-09T07:00:00,199.0,26.7188,44.1241,-1.813998e-05,244.241
lc2,zeta250,3,2000-01-09T08:00:00,200.0,26.7188,44.1241,-1.845397e-05,251.550
lc2,zeta250,3,2000-01-09T09:00:00,201.0,26.7188,44.1241,-1.872832e-05,258.618
lc2,zeta250,3,2000-01-09T10:00:00,202.0,28.1250,44.1241,-1.902195e-05,257.648
lc2,zeta250,3,2000-01-09T11:00:00,203.0,28.1250,44.1241,-1.927966e-05,264.735
lc2,zeta250,3,2000-01-09T12:00:00,204.0,28.1250,44.1241,-1.960092e-05,264.546
lc2,zeta250,3,2000-01-09T13:00:00,205.0,29.5312,44.1241,-1.987956e-05,268.856
lc2,zeta250,3,2000-01-09T14:00:00,206.0,29.5312,44.1241,-2.021594e-05,271.779
lc2,zeta250,3,2000-01-09T15:00:00,207.0,30.9375,44.1241,-2.059335e-05,270.522
lc2,zeta250,3,2000-01-09T16:00:00,208.0,30.9375,44.1241,-2.095549e-05,276.245
lc2,zeta250,3,2000-01-09T17:00:00,209.0,30.9375,44.1241,-2.131957e-05,276.197
lc2,zeta250,3,2000-01-09T18:00:00,210.0,32.3438,44.1241,-2.165044e-05,274.906
lc2,zeta250,3,2000-01-09T19:00:00,211.0,32.3438,44.1241,-2.203156e-05,283.427
lc2,zeta250,3,2000-01-09T20:00:00,212.0,33.7500,45.5249,-2.234552e-05,277.171
lc2,zeta250,3,2000-01-09T21:00:00,213.0,33.7500,45.5249,-2.276750e-05,276.948
lc2,zeta250,3,2000-01-09T22:00:00,214.0,33.7500,45.5249,-2.315734e-05,279.816
lc2,zeta250,3,2000-01-09T23:00:00,215.0,33.7500,45.5249,-2.349573e-05,283.910
lc2,zeta250,3,2000-01-10T00:00:00,216.0,33.7500,45.5249,-2.374716e-05,287.700
lc2,zeta250,3,2000-01-10T01:00:00,217.0,35.1562,45.5249,-2.414523e-05,285.172
lc2,zeta250,3,2000-01-10T02:00:00,218.0,35.1562,45.5249,-2.449610e-05,286.361
lc2,zeta250,3,2000-01-10T03:00:00,219.0,36.5625,45.5249,-2.488125e-05,286.753
lc2,zeta250,3,2000-01-10T04:00:00,220.0,36.5625,45.5249,-2.531822e-05,292.179
lc2,zeta250,3,2000-01-10T05:00:00,221.0,36.5625,45.5249,-2.573859e-05,287.660
lc2,zeta250,3,2000-01-10T06:00:00,222.0,37.9688,45.5249,-2.617447e-05,288.121
lc2,zeta250,3,2000-01-10T07:00:00,223.0,37.9688,45.5249,-2.663354e-05,292.179
lc2,zeta250,3,2000-01-10T08:00:00,224.0,37.9688,45.5249,-2.702396e-05,294.666
lc2,zeta250,3,2000-01-10T09:00:00,225.0,39.3750,46.9256,-2.734206e-05,285.200
lc2,zeta250,3,2000-01-10T10:00:00,226.0,39.3750,46.9256,-2.784071e-05,287.612
lc2,zeta250,3,2000-01-10T11:00:00,227.0,39.3750,46.9256,-2.818379e-05,292.796
lc2,zeta250,3,2000-01-10T12:00:00,228.0,40.7812,45.5249,-2.848151e-05,293.724
lc2,zeta250,3,2000-01-10T13:00:00,229.0,40.7812,45.5249,-2.888278e-05,293.478
lc2,zeta250,3,2000-01-10T14:00:00,230.0,40.7812,45.5249,-2.933034e-05,298.831
lc2,zeta250,3,2000-01-10T15:00:00,231.0,40.7812,45.5249,-2.963799e-05,304.161
lc2,zeta250,3,2000-01-10T16:00:00,232.0,42.1875,46.9256,-3.010454e-05,291.397
lc2,zeta250,3,2000-01-10T17:00:00,233.0,42.1875,46.9256,-3.060079e-05,292.796
lc2,zeta250,3,2000-01-10T18:00:00,234.0,42.1875,46.9256,-3.099567e-05,299.277
lc2,zeta250,3,2000-01-10T19:00:00,235.0,43.5938,46.9256,-3.147245e-05,295.363
lc2,zeta250,3,2000-01-10T20:00:00,236.0,43.5938,46.9256,-3.194663e-05,296.793
lc2,zeta250,3,2000-01-10T21:00:00,237.0,43.5938,46.9256,-3.235407e-05,300.576
lc2,zeta250,3,2000-01-10T22:00:00,238.0,45.0000,45.5249,-3.271525e-05,300.033
lc2,zeta250,3,2000-01-10T23:00:00,239.0,45.0000,45.5249,-3.319623e-05,304.161
lc2,zeta250,3,2000-01-11T00:00:00,240.0,45.0000,45.5249,-3.353826e-05,305.460
lc2,zeta250,3,2000-01-11T01:00:00,241.0,45.0000,45.5249,-3.384791e-05,306.723
lc2,zeta250,3,2000-01-11T02:00:00,242.0,45.0000,45.5249,-3.420354e-05,302.522
lc2,zeta250,3,2000-01-11T03:00:00,243.0,45.0000,45.5249,-3.452611e-05,301.259
lc2,zeta250,3,2000-01-11T04:00:00,244.0,46.4062,45.5249,-3.488257e-05,310.827
lc2,zeta250,3,2000-01-11T05:00:00,245.0,46.4062,45.5249,-3.516060e-05,302.522
lc2,zeta250,3,2000-01-11T06:00:00,246.0,46.4062,45.5249,-3.559927e-05,301.259
lc2,zeta250,3,2000-01-11T07:00:00,247.0,46.4062,45.5249,-3.584065e-05,299.925
lc2,zeta250,3,2000-01-11T08:00:00,248.0,47.8125,45.5249,-3.621164e-05,301.259
lc2,zeta250,3,2000-01-11T09:00:00,249.0,47.8125,45.5249,-3.664358e-05,301.259
lc2,zeta250,3,2000-01-11T10:00:00,250.0,47.8125,45.5249,-3.695616e-05,298.557
lc2,zeta250,3,2000-01-11T11:00:00,251.0,47.8125,45.5249,-3.721465e-05,290.193
lc2,zeta250,3,2000-01-11T12:00:00,252.0,49.2188,45.5249,-3.760241e-05,301.259
lc2,zeta250,3,2000-01-11T13:00:00,253.0,49.2188,45.5249,-3.791023e-05,291.456
lc2,zeta250,3,2000-01-11T14:00:00,254.0,49.2188,45.5249,-3.833659e-05,290.193
lc2,zeta250,3,2000-01-11T15:00:00,255.0,50.6250,45.5249,-3.861787e-05,298.557
lc2,zeta250,3,2000-01-11T16:00:00,256.0,50.6250,45.5249,-3.898753e-05,291.456
lc2,zeta250,3,2000-01-11T17:00:00,257.0,52.0312,45.5249,-3.949296e-05,301.259
lc2,zeta250,3,2000-01-11T18:00:00,258.0,52.0312,45.5249,-3.989776e-05,291.456
lc2,zeta250,3,2000-01-11T19:00:00,259.0,53.4375,45.5249,-4.039181e-05,301.259
lc2,zeta250,3,2000-01-11T20:00:00,260.0,54.8438,45.5249,-4.075911e-05,301.259
lc2,zeta250,3,2000-01-11T21:00:00,261.0,53.4375,45.5249,-4.114361e-05,290.193
lc2,zeta250,3,2000-01-11T22:00:00,262.0,54.8438,45.5249,-4.160832e-05,292.755
lc2,zeta250,3,2000-01-11T23:00:00,263.0,54.8438,45.5249,-4.199041e-05,290.193
lc2,zeta250,3,2000-01-12T00:00:00,264.0,56.2500,45.5249,-4.255960e-05,292.755
lc2,zeta250,4,2000-01-08T00:00:00,168.0,248.9062,42.7233,-9.119511e-06,35.989
lc2,zeta250,4,2000-01-08T01:00:00,169.0,250.3125,42.7233,-9.357835e-06,43.093
lc2,zeta250,4,2000-01-08T02:00:00,170.0,251.7188,42.7233,-9.604433e-06,47.362
lc2,zeta250,4,2000-01-08T03:00:00,171.0,251.7188,42.7233,-9.906391e-06,57.391
lc2,zeta250,4,2000-01-08T04:00:00,172.0,253.1250,42.7233,-1.020108e-05,64.356
lc2,zeta250,4,2000-01-08T05:00:00,173.0,253.1250,42.7233,-1.053941e-05,69.959
lc2,zeta250,4,2000-01-08T06:00:00,174.0,253.1250,42.7233,-1.088759e-05,80.022
lc2,zeta250,4,2000-01-08T07:00:00,175.0,253.1250,42.7233,-1.121734e-05,89.882
lc2,zeta250,4,2000-01-08T08:00:00,176.0,254.5312,42.7233,-1.145882e-05,98.175
lc2,zeta250,4,2000-01-08T09:00:00,177.0,254.5312,42.7233,-1.175418e-05,99.376
lc2,zeta250,4,2000-01-08T10:00:00,178.0,254.5312,42.7233,-1.196921e-05,118.402
lc2,zeta250,4,2000-01-08T11:00:00,179.0,255.9375,42.7233,-1.219011e-05,127.349
lc2,zeta250,4,2000-01-08T12:00:00,180.0,255.9375,42.7233,-1.240334e-05,136.836
lc2,zeta250,4,2000-01-08T13:00:00,181.0,257.3438,42.7233,-1.268333e-05,145.082
lc2,zeta250,4,2000-01-08T14:00:00,182.0,257.3438,42.7233,-1.299404e-05,154.428
lc2,zeta250,4,2000-01-08T15:00:00,183.0,257.3438,42.7233,-1.326075e-05,161.309
lc2,zeta250,4,2000-01-08T16:00:00,184.0,257.3438,42.7233,-1.353273e-05,165.168
lc2,zeta250,4,2000-01-08T17:00:00,185.0,258.7500,44.1241,-1.392084e-05,180.100
lc2,zeta250,4,2000-01-08T18:00:00,186.0,258.7500,44.1241,-1.424855e-05,184.206
lc2,zeta250,4,2000-01-08T19:00:00,187.0,260.1562,42.7233,-1.454933e-05,177.986
lc2,zeta250,4,2000-01-08T20:00:00,188.0,260.1562,42.7233,-1.486081e-05,185.140
lc2,zeta250,4,2000-01-08T21:00:00,189.0,261.5625,42.7233,-1.512526e-05,187.055
lc2,zeta250,4,2000-01-08T22:00:00,190.0,261.5625,42.7233,-1.537299e-05,193.987
lc2,zeta250,4,2000-01-08T23:00:00,191.0,261.5625,42.7233,-1.562652e-05,201.174
lc2,zeta250,4,2000-01-09T00:00:00,192.0,261.5625,42.7233,-1.583118e-05,204.097
lc2,zeta250,4,2000-01-09T01:00:00,193.0,262.9688,44.1241,-1.610989e-05,224.231
lc2,zeta250,4,2000-01-09T02:00:00,194.0,262.9688,44.1241,-1.640866e-05,231.119
lc2,zeta250,4,2000-01-09T03:00:00,195.0,264.3750,44.1241,-1.676465e-05,231.316
lc2,zeta250,4,2000-01-09T04:00:00,196.0,264.3750,44.1241,-1.710257e-05,232.248
lc2,zeta250,4,2000-01-09T05:00:00,197.0,265.7812,44.1241,-1.751438e-05,238.471
lc2,zeta250,4,2000-01-09T06:00:00,198.0,265.7812,44.1241,-1.784478e-05,242.610
lc2,zeta250,4,2000-01-09T07:00:00,199.0,265.7812,44.1241,-1.816656e-05,248.319
lc2,zeta250,4,2000-01-09T08:00:00,200.0,267.1875,44.1241,-1.842508e-05,248.730
lc2,zeta250,4,2000-01-09T09:00:00,201.0,267.1875,44.1241,-1.875792e-05,257.397
lc2,zeta250,4,2000-01-09T10:00:00,202.0,267.1875,44.1241,-1.900868e-05,264.546
lc2,zeta250,4,2000-01-09T11:00:00,203.0,268.5938,44.1241,-1.925078e-05,263.162
lc2,zeta250,4,2000-01-09T12:00:00,204.0,268.5938,44.1241,-1.961495e-05,266.321
lc2,zeta250,4,2000-01-09T13:00:00,205.0,270.0000,44.1241,-1.992624e-05,269.296
lc2,zeta250,4,2000-01-09T14:00:00,206.0,270.0000,44.1241,-2.031174e-05,271.819
lc2,zeta250,4,2000-01-09T15:00:00,207.0,270.0000,44.1241,-2.065758e-05,271.779
lc2,zeta250,4,2000-01-09T16:00:00,208.0,270.0000,44.1241,-2.097429e-05,274.596
lc2,zeta250,4,2000-01-09T17:00:00,209.0,271.4062,44.1241,-2.132293e-05,279.210
lc2,zeta250,4,2000-01-09T18:00:00,210.0,271.4062,44.1241,-2.166080e-05,281.528
lc2,zeta250,4,2000-01-09T19:00:00,211.0,272.8125,44.1241,-2.197612e-05,274.906
lc2,zeta250,4,2000-01-09T20:00:00,212.0,272.8125,44.1241,-2.233527e-05,283.427
lc2,zeta250,4,2000-01-09T21:00:00,213.0,272.8125,44.1241,-2.268446e-05,287.485
lc2,zeta250,4,2000-01-09T22:00:00,214.0,274.2188,45.5249,-2.306585e-05,279.719
lc2,zeta250,4,2000-01-09T23:00:00,215.0,274.2188,45.5249,-2.348331e-05,281.114
lc2,zeta250,4,2000-01-10T00:00:00,216.0,274.2188,45.5249,-2.378257e-05,285.172
lc2,zeta250,4,2000-01-10T01:00:00,217.0,274.2188,45.5249,-2.413242e-05,289.198
lc2,zeta250,4,2000-01-10T02:00:00,218.0,275.6250,45.5249,-2.453241e-05,286.506
lc2,zeta250,4,2000-01-10T03:00:00,219.0,275.6250,45.5249,-2.487052e-05,286.361
lc2,zeta250,4,2000-01-10T04:00:00,220.0,277.0312,45.5249,-2.535210e-05,288.121
lc2,zeta250,4,2000-01-10T05:00:00,221.0,277.0312,45.5249,-2.578965e-05,292.179
lc2,zeta250,4,2000-01-10T06:00:00,222.0,277.0312,45.5249,-2.619334e-05,288.994
lc2,zeta250,4,2000-01-10T07:00:00,223.0,278.4375,45.5249,-2.656406e-05,288.121
lc2,zeta250,4,2000-01-10T08:00:00,224.0,278.4375,45.5249,-2.700750e-05,292.179
lc2,zeta250,4,2000-01-10T09:00:00,225.0,278.4375,45.5249,-2.738041e-05,294.666
lc2,zeta250,4,2000-01-10T10:00:00,226.0,279.8438,45.5249,-2.769108e-05,289.619
lc2,zeta250,4,2000-01-10T11:00:00,227.0,279.8438,45.5249,-2.808234e-05,292.179
lc2,zeta250,4,2000-01-10T12:00:00,228.0,279.8438,46.9256,-2.849836e-05,291.361
lc2,zeta250,4,2000-01-10T13:00:00,229.0,281.2500,45.5249,-2.889679e-05,294.950
lc2,zeta250,4,2000-01-10T14:00:00,230.0,281.2500,45.5249,-2.937850e-05,293.478
lc2,zeta250,4,2000-01-10T15:00:00,231.0,281.2500,46.9256,-2.972362e-05,292.796
lc2,zeta250,4,2000-01-10T16:00:00,232.0,281.2500,45.5249,-3.016095e-05,304.161
lc2,zeta250,4,2000-01-10T17:00:00,233.0,281.2500,46.9256,-3.052648e-05,297.558
lc2,zeta250,4,2000-01-10T18:00:00,234.0,282.6562,46.9256,-3.099523e-05,292.796
lc2,zeta250,4,2000-01-10T19:00:00,235.0,282.6562,46.9256,-3.149819e-05,300.576
lc2,zeta250,4,2000-01-10T20:00:00,236.0,284.0625,46.9256,-3.190722e-05,295.363
lc2,zeta250,4,2000-01-10T21:00:00,237.0,284.0625,46.9256,-3.243543e-05,296.793
lc2,zeta250,4,2000-01-10T22:00:00,238.0,284.0625,45.5249,-3.275718e-05,305.460
lc2,zeta250,4,2000-01-10T23:00:00,239.0,285.4688,45.5249,-3.302031e-05,300.033
lc2,zeta250,4,2000-01-11T00:00:00,240.0,285.4688,45.5249,-3.346689e-05,304.161
lc2,zeta250,4,2000-01-11T01:00:00,241.0,285.4688,45.5249,-3.387729e-05,305.460
lc2,zeta250,4,2000-01-11T02:00:00,242.0,285.4688,45.5249,-3.415500e-05,309.493
lc2,zeta250,4,2000-01-11T03:00:00,243.0,285.4688,45.5249,-3.457799e-05,302.522
lc2,zeta250,4,2000-01-11T04:00:00,244.0,285.4688,45.5249,-3.488492e-05,301.259
lc2,zeta250,4,2000-01-11T05:00:00,245.0,286.8750,45.5249,-3.514530e-05,310.827
lc2,zeta250,4,2000-01-11T06:00:00,246.0,286.8750,45.5249,-3.550194e-05,302.522
lc2,zeta250,4,2000-01-11T07:00:00,247.0,286.8750,45.5249,-3.584113e-05,301.259
lc2,zeta250,4,2000-01-11T08:00:00,248.0,286.8750,45.5249,-3.620233e-05,298.557
lc2,zeta250,4,2000-01-11T09:00:00,249.0,286.8750,45.5249,-3.654728e-05,290.193
lc2,zeta250,4,2000-01-11T10:00:00,250.0,288.2812,45.5249,-3.700005e-05,301.259
lc2,zeta250,4,2000-01-11T11:00:00,251.0,288.2812,45.5249,-3.730598e-05,297.155
lc2,zeta250,4,2000-01-11T12:00:00,252.0,289.6875,45.5249,-3.759643e-05,301.259
lc2,zeta250,4,2000-01-11T13:00:00,253.0,288.2812,45.5249,-3.796763e-05,288.967
lc2,zeta250,4,2000-01-11T14:00:00,254.0,289.6875,45.5249,-3.831446e-05,291.456
lc2,zeta250,4,2000-01-11T15:00:00,255.0,289.6875,45.5249,-3.858556e-05,290.193
lc2,zeta250,4,2000-01-11T16:00:00,256.0,291.0938,45.5249,-3.898182e-05,295.720
lc2,zeta250,4,2000-01-11T17:00:00,257.0,291.0938,45.5249,-3.953950e-05,290.193
lc2,zeta250,4,2000-01-11T18:00:00,258.0,292.5000,45.5249,-3.985380e-05,298.489
lc2,zeta250,4,2000-01-11T19:00:00,259.0,292.5000,45.5249,-4.049662e-05,291.456
lc2,zeta250,4,2000-01-11T20:00:00,260.0,292.5000,45.5249,-4.067580e-05,290.193
lc2,zeta250,4,2000-01-11T21:00:00,261.0,293.9062,45.5249,-4.128018e-05,291.456
lc2,zeta250,4,2000-01-11T22:00:00,262.0,295.3125,45.5249,-4.165019e-05,301.259
lc2,zeta250,4,2000-01-11T23:00:00,263.0,295.3125,45.5249,-4.208613e-05,291.456
lc2,zeta250,4,2000-01-12T00:00:00,264.0,296.7188,45.5249,-4.237946e-05,301.259
lc2,zeta250,5,2000-01-08T00:00:00,168.0,68.9062,42.7233,-9.119511e-06,35.989
lc2,zeta250,5,2000-01-08T01:00:00,169.0,70.3125,42.7233,-9.357835e-06,43.093
lc2,zeta250,5,2000-01-08T02:00:00,170.0,71.7188,42.7233,-9.604433e-06,47.362
lc2,zeta250,5,2000-01-08T03:00:00,171.0,71.7188,42.7233,-9.906391e-06,57.391
lc2,zeta250,5,2000-01-08T04:00:00,172.0,73.1250,42.7233,-1.020108e-05,64.356
lc2,zeta250,5,2000-01-08T05:00:00,173.0,73.1250,42.7233,-1.053941e-05,69.959
lc2,zeta250,5,2000-01-08T06:00:00,174.0,73.1250,42.7233,-1.088759e-05,80.022
lc2,zeta250,5,2000-01-08T07:00:00,175.0,73.1250,42.7233,-1.121734e-05,89.882
lc2,zeta250,5,2000-01-08T08:00:00,176.0,74.5312,42.7233,-1.145882e-05,98.175
lc2,zeta250,5,2000-01-08T09:00:00,177.0,74.5312,42.7233,-1.175418e-05,99.376
lc2,zeta250,5,2000-01-08T10:00:00,178.0,74.5312,42.7233,-1.196921e-05,118.402
lc2,zeta250,5,2000-01-08T11:00:00,179.0,75.9375,42.7233,-1.219007e-05,127.349
lc2,zeta250,5,2000-01-08T12:00:00,180.0,75.9375,42.7233,-1.240334e-05,136.836
lc2,zeta250,5,2000-01-08T13:00:00,181.0,77.3438,42.7233,-1.268333e-05,145.082
lc2,zeta250,5,2000-01-08T14:00:00,182.0,77.3438,42.7233,-1.299404e-05,154.428
lc2,zeta250,5,2000-01-08T15:00:00,183.0,77.3438,42.7233,-1.326075e-05,161.309
lc2,zeta250,5,2000-01-08T16:00:00,184.0,77.3438,42.7233,-1.353273e-05,165.168
lc2,zeta250,5,2000-01-08T17:00:00,185.0,78.7500,44.1241,-1.392084e-05,180.100
lc2,zeta250,5,2000-01-08T18:00:00,186.0,78.7500,44.1241,-1.424855e-05,184.206
lc2,zeta250,5,2000-01-08T19:00:00,187.0,80.1562,42.7233,-1.454933e-05,177.986
lc2,zeta250,5,2000-01-08T20:00:00,188.0,80.1562,42.7233,-1.486081e-05,185.140
lc2,zeta250,5,2000-01-08T21:00:00,189.0,81.5625,42.7233,-1.512526e-05,187.055
lc2,zeta250,5,2000-01-08T22:00:00,190.0,81.5625,42.7233,-1.537299e-05,193.987
lc2,zeta250,5,2000-01-08T23:00:00,191.0,81.5625,42.7233,-1.562652e-05,201.174
lc2,zeta250,5,2000-01-09T00:00:00,192.0,81.5625,42.7233,-1.583118e-05,204.097
lc2,zeta250,5,2000-01-09T01:00:00,193.0,82.9688,44.1241,-1.611155e-05,224.231
lc2,zeta250,5,2000-01-09T02:00:00,194.0,82.9688,44.1241,-1.640866e-05,231.119
lc2,zeta250,5,2000-01-09T03:00:00,195.0,84.3750,44.1241,-1.676465e-05,231.316
lc2,zeta250,5,2000-01-09T04:00:00,196.0,84.3750,44.1241,-1.710257e-05,232.248
lc2,zeta250,5,2000-01-09T05:00:00,197.0,85.7812,44.1241,-1.751438e-05,238.471
lc2,zeta250,5,2000-01-09T06:00:00,198.0,85.7812,44.1241,-1.784478e-05,242.610
lc2,zeta250,5,2000-01-09T07:00:00,199.0,85.7812,44.1241,-1.816656e-05,248.319
lc2,zeta250,5,2000-01-09T08:00:00,200.0,87.1875,44.1241,-1.842508e-05,248.730
lc2,zeta250,5,2000-01-09T09:00:00,201.0,87.1875,44.1241,-1.875792e-05,257.397
lc2,zeta250,5,2000-01-09T10:00:00,202.0,87.1875,44.1241,-1.900868e-05,264.546
lc2,zeta250,5,2000-01-09T11:00:00,203.0,88.5938,44.1241,-1.925078e-05,263.162
lc2,zeta250,5,2000-01-09T12:00:00,204.0,88.5938,44.1241,-1.961495e-05,266.321
lc2,zeta250,5,2000-01-09T13:00:00,205.0,90.0000,44.1241,-1.992624e-05,269.296
lc2,zeta250,5,2000-01-09T14:00:00,206.0,90.0000,44.1241,-2.031174e-05,271.819
lc2,zeta250,5,2000-01-09T15:00:00,207.0,90.0000,44.1241,-2.065758e-05,271.779
lc2,zeta250,5,2000-01-09T16:00:00,208.0,90.0000,44.1241,-2.097429e-05,274.596
lc2,zeta250,5,2000-01-09T17:00:00,209.0,91.4062,44.1241,-2.132293e-05,279.210
lc2,zeta250,5,2000-01-09T18:00:00,210.0,91.4062,44.1241,-2.166080e-05,281.528
lc2,zeta250,5,2000-01-09T19:00:00,211.0,92.8125,44.1241,-2.197612e-05,274.906
lc2,zeta250,5,2000-01-09T20:00:00,212.0,92.8125,44.1241,-2.233527e-05,283.427
lc2,zeta250,5,2000-01-09T21:00:00,213.0,92.8125,44.1241,-2.268446e-05,287.485
lc2,zeta250,5,2000-01-09T22:00:00,214.0,94.2188,45.5249,-2.306585e-05,279.719
lc2,zeta250,5,2000-01-09T23:00:00,215.0,94.2188,45.5249,-2.348331e-05,281.114
lc2,zeta250,5,2000-01-10T00:00:00,216.0,94.2188,45.5249,-2.378257e-05,285.172
lc2,zeta250,5,2000-01-10T01:00:00,217.0,94.2188,45.5249,-2.413242e-05,289.198
lc2,zeta250,5,2000-01-10T02:00:00,218.0,95.6250,45.5249,-2.453241e-05,286.506
lc2,zeta250,5,2000-01-10T03:00:00,219.0,95.6250,45.5249,-2.487052e-05,286.361
lc2,zeta250,5,2000-01-10T04:00:00,220.0,97.0312,45.5249,-2.535210e-05,288.121
lc2,zeta250,5,2000-01-10T05:00:00,221.0,97.0312,45.5249,-2.578965e-05,292.179
lc2,zeta250,5,2000-01-10T06:00:00,222.0,97.0312,45.5249,-2.619334e-05,288.994
lc2,zeta250,5,2000-01-10T07:00:00,223.0,98.4375,45.5249,-2.656406e-05,288.121
lc2,zeta250,5,2000-01-10T08:00:00,224.0,98.4375,45.5249,-2.700750e-05,292.179
lc2,zeta250,5,2000-01-10T09:00:00,225.0,98.4375,45.5249,-2.738286e-05,294.666
lc2,zeta250,5,2000-01-10T10:00:00,226.0,99.8438,45.5249,-2.769108e-05,289.619
lc2,zeta250,5,2000-01-10T11:00:00,227.0,99.8438,45.5249,-2.808234e-05,292.179
lc2,zeta250,5,2000-01-10T12:00:00,228.0,99.8438,46.9256,-2.849836e-05,291.361
lc2,zeta250,5,2000-01-10T13:00:00,229.0,101.2500,45.5249,-2.889679e-05,294.950
lc2,zeta250,5,2000-01-10T14:00:00,230.0,101.2500,45.5249,-2.937850e-05,293.478
lc2,zeta250,5,2000-01-10T15:00:00,231.0,101.2500,46.9256,-2.972362e-05,292.796
lc2,zeta250,5,2000-01-10T16:00:00,232.0,101.2500,45.5249,-3.016095e-05,304.161
lc2,zeta250,5,2000-01-10T17:00:00,233.0,101.2500,46.9256,-3.052648e-05,297.558
lc2,zeta250,5,2000-01-10T18:00:00,234.0,102.6562,46.9256,-3.099523e-05,292.796
lc2,zeta250,5,2000-01-10T19:00:00,235.0,102.6562,46.9256,-3.149819e-05,300.576
lc2,zeta250,5,2000-01-10T20:00:00,236.0,104.0625,46.9256,-3.190722e-05,295.363
lc2,zeta250,5,2000-01-10T21:00:00,237.0,104.0625,46.9256,-3.243543e-05,296.793
lc2,zeta250,5,2000-01-10T22:00:00,238.0,104.0625,45.5249,-3.275718e-05,305.460
lc2,zeta250,5,2000-01-10T23:00:00,239.0,105.4688,45.5249,-3.302031e-05,300.033
lc2,zeta250,5,2000-01-11T00:00:00,240.0,105.4688,45.5249,-3.346689e-05,304.161
lc2,zeta250,5,2000-01-11T01:00:00,241.0,105.4688,45.5249,-3.387729e-05,305.460
lc2,zeta250,5,2000-01-11T02:00:00,242.0,105.4688,45.5249,-3.415500e-05,309.493
lc2,zeta250,5,2000-01-11T03:00:00,243.0,105.4688,45.5249,-3.457799e-05,302.522
lc2,zeta250,5,2000-01-11T04:00:00,244.0,105.4688,45.5249,-3.488492e-05,301.259
lc2,zeta250,5,2000-01-11T05:00:00,245.0,106.8750,45.5249,-3.514530e-05,310.827
lc2,zeta250,5,2000-01-11T06:00:00,246.0,106.8750,45.5249,-3.550194e-05,302.522
lc2,zeta250,5,2000-01-11T07:00:00,247.0,106.8750,45.5249,-3.584113e-05,301.259
lc2,zeta250,5,2000-01-11T08:00:00,248.0,106.8750,45.5249,-3.620233e-05,298.557
lc2,zeta250,5,2000-01-11T09:00:00,249.0,106.8750,45.5249,-3.654728e-05,290.193
lc2,zeta250,5,2000-01-11T10:00:00,250.0,108.2812,45.5249,-3.700005e-05,301.259
lc2,zeta250,5,2000-01-11T11:00:00,251.0,108.2812,45.5249,-3.730598e-05,297.155
lc2,zeta250,5,2000-01-11T12:00:00,252.0,109.6875,45.5249,-3.759643e-05,301.259
lc2,zeta250,5,2000-01-11T13:00:00,253.0,108.2812,45.5249,-3.796763e-05,288.967
lc2,zeta250,5,2000-01-11T14:00:00,254.0,109.6875,45.5249,-3.831446e-05,291.456
lc2,zeta250,5,2000-01-11T15:00:00,255.0,109.6875,45.5249,-3.858556e-05,290.193
lc2,zeta250,5,2000-01-11T16:00:00,256.0,111.0938,45.5249,-3.898182e-05,295.720
lc2,zeta250,5,2000-01-11T17:00:00,257.0,111.0938,45.5249,-3.953950e-05,290.193
lc2,zeta250,5,2000-01-11T18:00:00,258.0,112.5000,45.5249,-3.985380e-05,298.489
lc2,zeta250,5,2000-01-11T19:00:00,259.0,112.5000,45.5249,-4.049662e-05,291.456
lc2,zeta250,5,2000-01-11T20:00:00,260.0,112.5000,45.5249,-4.067580e-05,290.193
lc2,zeta250,5,2000-01-11T21:00:00,261.0,113.9062,45.5249,-4.128018e-05,291.456
lc2,zeta250,5,2000-01-11T22:00:00,262.0,115.3125,45.5249,-4.165019e-05,301.259
lc2,zeta250,5,2000-01-11T23:00:00,263.0,115.3125,45.5249,-4.208613e-05,291.456
lc2,zeta250,5,2000-01-12T00:00:00,264.0,116.7188,45.5249,-4.220601e-05,301.259
